{
  "phases": {
    "package": {
      "context": {
        "resources": {
          "url": "{SHA_ARCHIVE}",
          "path": "/bitnami/joomla"
        }
      },
      "actions": [
        {
          "action_id": "helm-package"
        },
        {
          "action_id": "helm-lint"
        }
      ]
    },
    "verify": {
      "context": {
        "resources": {
          "url": "{SHA_ARCHIVE}",
          "path": "/bitnami/joomla"
        },
        "target_platform": {
          "target_platform_id": "{VIB_ENV_TARGET_PLATFORM}",
          "size": {
            "name": "S4"
          }
        }
      },
      "actions": [
        {
          "action_id": "health-check",
          "params": {
            "endpoint": "lb-joomla-http",
            "app_protocol": "HTTP"
          }
        },
        {
          "action_id": "goss",
          "params": {
            "resources": {
              "path": "/.vib"
            },
            "tests_file": "joomla/goss/goss.yaml",
            "vars_file": "joomla/runtime-parameters.yaml",
            "remote": {
              "pod": {
                "workload": "deploy-joomla"
              }
            }
          }
        },
        {
          "action_id": "cypress",
          "params": {
            "resources": {
              "path": "/.vib/joomla/cypress"
            },
            "endpoint": "lb-joomla-http",
            "app_protocol": "HTTP",
            "env": {
              "username": "user",
              "password": "ComplicatedPassword123!4"
            }
          }
        }
      ]
    },
    "publish": {
      "actions": [
        {
          "action_id": "helm-publish",
          "params": {
            "repository": {
              "kind": "S3",
              "url": "{VIB_ENV_S3_URL}",
              "authn": {
                "access_key_id": "{VIB_ENV_S3_ACCESS_KEY_ID}",
                "secret_access_key": "{VIB_ENV_S3_SECRET_ACCESS_KEY}"
              }
            }
          }
        }
      ]
    }
  }
}
