{
  "phases": {
    "package": {
      "context": {
        "resources": {
          "url": "{SHA_ARCHIVE}",
          "path": "/bitnami/elasticsearch"
        }
      },
      "actions": [
        {
          "action_id": "helm-package"
        },
        {
          "action_id": "helm-lint"
        }
      ]
    },
    "verify": {
      "context": {
        "resources": {
          "url": "{SHA_ARCHIVE}",
          "path": "/bitnami/elasticsearch"
        },
        "target_platform": {
          "target_platform_id": "{VIB_ENV_ALTERNATIVE_TARGET_PLATFORM}",
          "size": {
            "name": "L4"
          }
        }
      },
      "actions": [
        {
          "action_id": "health-check",
          "params": {
            "endpoint": "lb-elasticsearch-tcp-rest-api",
            "app_protocol": "HTTP"
          }
        },
        {
          "action_id": "goss",
          "params": {
            "resources": {
              "path": "/.vib"
            },
            "tests_file": "elasticsearch/goss/goss.yaml",
            "vars_file": "elasticsearch/runtime-parameters.yaml",
            "remote": {
              "pod": {
                "workload": "sts-elasticsearch-master"
              }
            }
          }
        },
        {
          "action_id": "cypress",
          "params": {
            "resources": {
              "path": "/.vib/elasticsearch/cypress"
            },
            "endpoint": "lb-elasticsearch-tcp-rest-api",
            "app_protocol": "HTTP"
          }
        }
      ]
    },
    "publish": {
      "actions": [
        {
          "action_id": "helm-publish",
          "params": {
            "repository": {
              "kind": "S3",
              "url": "{VIB_ENV_S3_URL}",
              "authn": {
                "access_key_id": "{VIB_ENV_S3_ACCESS_KEY_ID}",
                "secret_access_key": "{VIB_ENV_S3_SECRET_ACCESS_KEY}"
              }
            }
          }
        }
      ]
    }
  }
}
