{
  "phases": {
    "package": {
      "context": {
        "resources": {
          "url": "{SHA_ARCHIVE}",
          "path": "/bitnami/contour-operator"
        }
      },
      "actions": [
        {
          "action_id": "helm-package"
        },
        {
          "action_id": "helm-lint"
        }
      ]
    },
    "verify": {
      "context": {
        "resources": {
          "url": "{SHA_ARCHIVE}",
          "path": "/bitnami/contour-operator"
        },
        "target_platform": {
          "target_platform_id": "{VIB_ENV_ALTERNATIVE_TARGET_PLATFORM}",
          "size": {
            "name": "S4"
          }
        }
      },
      "actions": [
        {
          "action_id": "ginkgo",
          "params": {
            "resources": {
              "path": "/.vib/contour-operator/ginkgo"
            },
            "params": {
              "kubeconfig": "{{kubeconfig}}",
              "namespace": "{{namespace}}",
              "service-name": "apache",
              "secret-name": "fake-tls-certificates"
            }
          }
        }
      ]
    },
    "publish": {
      "actions": [
        {
          "action_id": "helm-publish",
          "params": {
            "repository": {
              "kind": "S3",
              "url": "{VIB_ENV_S3_URL}",
              "authn": {
                "access_key_id": "{VIB_ENV_S3_ACCESS_KEY_ID}",
                "secret_access_key": "{VIB_ENV_S3_SECRET_ACCESS_KEY}"
              }
            }
          }
        }
      ]
    }
  }
}
